"","target_id","pval","qval","test_stat","rss","degrees_free","mean_obs","var_obs","tech_var","sigma_sq","smooth_sigma_sq","final_sigma_sq"
"1","DF0000176_4_HERV-Fc1",6.74284105840901e-10,3.51302019143109e-07,45.6465425422958,86.3773831870242,3,3.43591669537859,4.31886915935121,0.0408037709231489,4.27806538842806,0.251439446130428,4.27806538842806
"2","DF0000244_4_L1M3_orf2",3.50195799940678e-09,6.08173372563644e-07,42.278309797805,8.90502439467702,3,5.3043796390574,0.445251219733851,0.00857578211089248,0.436675437622958,0.128031419899144,0.436675437622958
"3","DF0001197_2_AluYi6",3.10469531074292e-09,6.08173372563644e-07,42.5246770587085,6.94958038377667,3,7.11446323231875,0.347479019188834,0.0033923416411264,0.344086677547707,0.149430458249386,0.344086677547707
"4","DF0001070_4_SVA_D",5.20729668105669e-09,6.78250392707634e-07,41.4663055827299,17.7371252968911,3,7.62120448381467,0.886856264844554,0.00112901632486313,0.885727248519692,0.164391508547928,0.885727248519692
"5","DF0000817_4_THE1-int",6.86497025741178e-09,7.15329900822307e-07,40.9004468327106,11.4950801260221,3,7.53642220617118,0.574754006301105,0.000732139473215861,0.57402186682789,0.161374709822821,0.57402186682789
"6","DF0000081_4_Charlie10",4.80278232097228e-08,1.92480737632812e-06,36.9120614549433,67.8606585675979,3,1.49458905691975,3.3930329283799,0.172361949041875,3.22067097933802,0.797496455963038,3.22067097933802
"7","DF0000191_5_HERVK13",2.36486334132381e-08,1.92480737632812e-06,38.365732478803,30.6524838081701,3,4.42079966241993,1.53262419040851,0.0455365517772287,1.48708763863128,0.161370436638987,1.48708763863128
"8","DF0000194_5_HERVK22",3.63243709006026e-08,1.92480737632812e-06,37.4852863141825,11.5916272585727,3,4.92833915711282,0.579581362928636,0.0117671001331224,0.567814262795514,0.136568802723354,0.567814262795514
"9","DF0000224_4_Kanga2_a",4.31918790421687e-08,1.92480737632812e-06,37.1299071143232,34.2282218143108,3,1.7387123552771,1.71141109071554,0.121926952784454,1.58948413793109,0.672557717988561,1.58948413793109
"10","DF0000285_4_L1MC_orf2",4.3245111070715e-08,1.92480737632812e-06,37.1273790344658,19.7085614380829,3,5.21625403120328,0.985428071904147,0.0118843041402289,0.973543767763918,0.129085604084889,0.973543767763918
"11","DF0000286_4_L1MD1_3end",4.19463234914835e-08,1.92480737632812e-06,37.1899660776157,12.3114014729447,3,5.15244729385267,0.615570073647234,0.0223028080885456,0.593267265558689,0.130229790255484,0.593267265558689
"12","DF0001145_2_AluYk3",3.75664447279834e-08,1.92480737632812e-06,37.4162906371016,8.63237990147351,3,7.01182551295415,0.431618995073676,0.00744405747043493,0.424174937603241,0.147233493924525,0.424174937603241
"13","DF0001256_2_THE1D-int",4.72197979336e-08,1.92480737632812e-06,36.9468917433556,8.44038656591115,3,6.34392948573501,0.422019328295557,0.00240976963753522,0.419609558658023,0.138660295787896,0.419609558658023
"14","DF0001076_4_U2",9.81181155077606e-08,3.65139558425309e-06,35.4447924854432,34.2386204615012,3,4.52734649058594,1.71193102307506,0.023703195377748,1.68822782769731,0.155155574240286,1.68822782769731
"15","DF0000556_4_LTR5A",1.1741983632205e-07,4.07838231491922e-06,35.0757057585349,9.19466862691403,3,6.24786206206716,0.459733431345702,0.00251431970329562,0.457219111642406,0.137541531527598,0.457219111642406
"16","DF0000040_4_AluSg4",1.79332828275246e-07,5.77812087863756e-06,34.2049309495388,5.63946059940884,3,6.9967356855546,0.281973029970442,0.00301006773519442,0.278962962235247,0.146932235936691,0.278962962235247
"17","DF0000184_4_HERVH48",1.8853753346802e-07,5.77812087863756e-06,34.1019717533893,9.80204760056079,3,4.21915233938782,0.490102380028039,0.0230751007654505,0.467027279262589,0.177593027053174,0.467027279262589
"18","DF0000228_4_L1M1_orf2",2.3155650501331e-07,6.03204695559674e-06,33.6791192159536,5.50043724021681,3,6.44904002256606,0.27502186201084,0.00266545254530331,0.272356409465537,0.139506930207159,0.272356409465537
"19","DF0000628_4_HERV17",2.25679219260863e-07,6.03204695559674e-06,33.7320216464615,7.8547722715801,3,5.542264965571,0.392738613579005,0.00549759675724399,0.387241016821761,0.127795203878525,0.387241016821761
"20","DF0000775_4_ERVL-B4",2.2350695655014e-07,6.03204695559674e-06,33.7519234118597,13.3560457998555,3,3.65556386061498,0.667802289992775,0.118990101630436,0.548812188362339,0.23100643456427,0.548812188362339
"21","DF0001073_4_U1",2.43599356162416e-07,6.04358402669612e-06,33.5747844511231,60.423333476267,3,3.45008893364109,3.02116667381335,0.0947016928181298,2.92646498099522,0.250020527710231,2.92646498099522
"22","DF0000623_4_LTR9B",3.79750116240581e-07,8.99317320733376e-06,32.6607385927919,18.507661041889,3,3.4928096079721,0.925383052094447,0.0732871992767675,0.85209585281768,0.245852984584481,0.85209585281768
"23","DF0001046_4_MST-int",4.20859354227083e-07,9.53337928488305e-06,32.4490318517962,12.0334347667066,3,5.07694407714508,0.601671738335331,0.00938841948423591,0.592283318851096,0.13197800541133,0.592283318851096
"24","DF0000406_4_LTR13",4.62939842359577e-07,1.00496524112225e-05,32.2527108478344,4.2241735683098,3,6.68832365543604,0.21120867841549,0.00141202091408595,0.209796657501404,0.14193787113992,0.209796657501404
"25","DF0000484_4_LTR2B",4.86151939591384e-07,1.01314064210844e-05,32.1519108135514,5.63180819946814,3,5.65136628416889,0.281590409973407,0.00401996075565043,0.277570449217756,0.128666490281065,0.277570449217756
"26","DF0001065_4_SST1",6.53448093788874e-07,1.30940944947694e-05,31.542389313213,18.2469714785623,3,4.38429030191287,0.912348573928113,0.0162836913255355,0.896064882602578,0.163870015025498,0.896064882602578
"27","DF0000094_4_Charlie17b",7.53524203055907e-07,1.45402262885973e-05,31.2485807064912,23.0641515552847,3,3.28153566112878,1.15320757776424,0.0876365184174085,1.06557105934683,0.268468115574778,1.06557105934683
"28","DF0000202_5_HERVL66",9.20623032338121e-07,1.71301642802915e-05,30.8354779657812,26.4961777571109,3,2.59897945738809,1.32480888785555,0.21322362813024,1.11158525972531,0.389475960110478,1.11158525972531
"29","DF0001316_2_AluYi6_4d",1.03138156322758e-06,1.85293032566058e-05,30.601094139832,4.56780596118047,3,7.65891452432401,0.228390298059023,0.00208038265786536,0.226309915401158,0.165805396127501,0.226309915401158
"30","DF0000195_5_HERVK3",1.14600276385454e-06,1.99022479989404e-05,30.3836279379362,4.83346899297557,3,5.12951248898521,0.241673449648778,0.00754467424949037,0.234128775399288,0.130716737936847,0.234128775399288
"31","DF0000005_4_THE1A",1.30351571425747e-06,2.11478445423586e-05,30.1178007548311,18.2582013578172,3,6.76189962421866,0.91291006789086,0.00168927866759239,0.911220789223269,0.14293331273666,0.911220789223269
"32","DF0000017_4_Harlequin",1.31380460307964e-06,2.11478445423586e-05,30.1015699785388,17.0761432505893,3,6.14478729169278,0.853807162529466,0.00368496679217609,0.85012219573729,0.13605407107225,0.85012219573729
"33","DF0000841_4_Tigger3b",1.33949879059085e-06,2.11478445423586e-05,30.0615847753261,3.60497875067321,3,5.27271979875609,0.180248937533661,0.0139170794100282,0.166331858123632,0.128340873257298,0.166331858123632
"34","DF0000173_4_HERV9",1.56591929519098e-06,2.39954103763089e-05,29.7391021589828,9.96328274330116,3,3.92163666571122,0.498164137165058,0.0539947144378352,0.444169422727223,0.207102224820775,0.444169422727223
"35","DF0000718_4_MER11D",1.68007662947851e-06,2.5009140684523e-05,29.5937715880362,11.9098402462706,3,4.61843013796948,0.595492012313531,0.015348138110062,0.580143874203469,0.150281187608221,0.580143874203469
"36","DF0000038_4_AluSc8",1.9713771342845e-06,2.85302079711729e-05,29.2634559237511,5.00932877658688,3,7.2724106267372,0.250466438829344,0.00307561563331852,0.247390823196026,0.153333070941687,0.247390823196026
"37","DF0000457_4_LTR22B2",2.16830015956561e-06,3.05320103549644e-05,29.0667084914384,26.4778630493186,3,2.44326241196705,1.32389315246593,0.12814454458557,1.19574860788036,0.427868571262417,1.19574860788036
"38","DF0000557_4_LTR5B",2.6013034236867e-06,3.47507457369429e-05,28.6903584633023,2.43542585038329,3,5.41752691048674,0.121771292519164,0.0050982080278446,0.11667308449132,0.127496637870044,0.127496637870044
"39","DF0000744_4_MER30",2.5519573732522e-06,3.47507457369429e-05,28.7299542709624,6.69659292512649,3,4.82776693539104,0.334829646256325,0.0138127301326502,0.321016916123674,0.140459864361071,0.321016916123674
"40","DF0000634_4_AluYg6",3.38520899306134e-06,4.4092347134624e-05,28.1456074583987,4.73065484215097,3,7.65993705714483,0.236532742107548,0.00074045647575405,0.235792285631794,0.165844364931219,0.235792285631794
"41","DF0000846_4_Tigger4b",3.70311369996977e-06,4.67968762753923e-05,27.9598986976167,8.02248398779409,3,4.29312293786804,0.401124199389705,0.036608774853399,0.364515424536306,0.171012696798342,0.364515424536306
"42","DF0001320_2_AluYj4",3.772492905118e-06,4.67968762753923e-05,27.9214891608527,5.571876401385,3,8.79874653058064,0.27859382006925,0.000354217563728918,0.278239602505521,0.235012202367561,0.278239602505521
"43","DF0000352_4_L1PBa_5end",4.16729000472917e-06,4.93517974780219e-05,27.7155071518914,3.04336384096304,3,5.19104196327182,0.152168192048152,0.00724813343394776,0.144920058614204,0.129500043992454,0.144920058614204
"44","DF0000871_5_MER57E3",4.16790612098457e-06,4.93517974780219e-05,27.7152011634143,26.1916193014918,3,2.31993851663642,1.30958096507459,0.176540049689468,1.13304091538512,0.461406776423658,1.13304091538512
"45","DF0000056_4_AluYb9",4.76668200756006e-06,5.5187585020862e-05,27.4373122988173,3.88692990136824,3,7.58625832711362,0.194346495068412,0.000846860658929834,0.193499634409482,0.163121174287178,0.193499634409482
"46","DF0000552_4_LTR57",6.47877989420265e-06,7.33792244539039e-05,26.801671979306,26.7365820532046,3,2.31873493528639,1.33682910266023,0.104418208519647,1.23241089414058,0.461749054527967,1.23241089414058
"47","DF0001310_3_HERVIP10B3",7.25905092558226e-06,8.04673517495395e-05,26.5660037717683,9.74817406107371,3,3.23099646184725,0.487408703053686,0.0701416055006712,0.417267097553014,0.274846854288887,0.417267097553014
"48","DF0000060_4_AluYd8",7.91140869683988e-06,8.24368786210716e-05,26.3876115879406,13.7342781084393,3,5.79272468596113,0.686713905421963,0.00657249665076807,0.680141408771195,0.130419193160236,0.680141408771195
"49","DF0000864_4_MER57B2",7.89478415342828e-06,8.24368786210716e-05,26.3919726487698,39.1130452424376,3,2.11836605437679,1.95565226212188,0.154869929291663,1.80078233283022,0.52336905465409,1.80078233283022
"50","DF0001053_4_PRIMA4-int",7.90159896157573e-06,8.24368786210716e-05,26.3901838362997,4.55872361543393,3,9.19036157053777,0.227936180771696,0.000109927508417109,0.227826253263279,0.274880759059519,0.274880759059519
"51","DF0000186_5_HERVIP10F",8.48935137455523e-06,8.67245503165348e-05,26.2414232721002,27.0592198458134,3,2.8000133921888,1.35296099229067,0.178175603466753,1.17478538882392,0.346438670729694,1.17478538882392
"52","DF0000842_4_Tigger3c",9.90765789586933e-06,9.92671108413062e-05,25.9209951030183,9.83686961489892,3,4.75417881992818,0.491843480744945,0.118223615788566,0.37361986495638,0.14366601864204,0.37361986495638
"53","DF0000736_4_MER2",1.0245935984342e-05,0.00010071948392155,25.8513452638752,5.9809974775521,3,4.65772611381897,0.299049873877605,0.015763208849239,0.283286665028366,0.148280187948711,0.283286665028366
"54","DF0000776_5_L1MEc_5end",1.09817561459613e-05,0.000105953610223071,25.7074443832772,22.2683936516852,3,2.15058852914377,1.11341968258426,0.220749527140489,0.892670155443772,0.512791028403651,0.892670155443772
"55","DF0000404_4_LTR12E",1.1596416840367e-05,0.000109849694069658,25.5944256709444,15.993776541475,3,5.06927996083898,0.799688827073749,0.0129677185198063,0.786721108553943,0.132178375682414,0.786721108553943
"56","DF0000234_4_L1M2c_5end",1.19593439969083e-05,0.000111264611114093,25.5304660678766,21.5140630218625,3,2.18699517735273,1.07570315109313,0.200030931868512,0.875672219224615,0.501165011988581,0.875672219224615
"57","DF0000008_4_L1M5_orf2",1.30715592549982e-05,0.000115428514777187,25.3458701475578,10.5614844257769,3,3.82995788099846,0.528074221288844,0.0567242531593673,0.471349968129477,0.215606948544399,0.471349968129477
"58","DF0000044_4_AluSq10",1.28606879311759e-05,0.000115428514777187,25.3796343268444,2.82666824553287,3,8.7007833233741,0.141333412276643,0.000964579417764603,0.140368832858879,0.226599866422906,0.226599866422906
"59","DF0000065_4_AluYk12",1.29149699604511e-05,0.000115428514777187,25.370890357495,3.37133025491411,3,7.74769567293277,0.168566512745705,0.00084894640704484,0.167717566338661,0.16931547849164,0.16931547849164
"60","DF0000798_4_MER4B-int",1.39803734543704e-05,0.000121396242828783,25.2063097223482,15.8918392210908,3,3.84566340140579,0.794591961054539,0.0294333353082905,0.765158625746249,0.214191209103753,0.765158625746249
"61","DF0000553_4_LTR57-int",1.47506100214102e-05,0.000125984718379586,25.0949375583038,28.9157853744165,3,2.59050020874443,1.44578926872082,0.148166749113032,1.29762251960779,0.391450228907787,1.29762251960779
"62","DF0001069_4_SVA_C",1.55806450227383e-05,0.000130927678336237,24.981231643635,3.65668493439688,3,7.26091377674146,0.182834246719844,0.00184206367105766,0.180992183048786,0.153026947625028,0.180992183048786
"63","DF0000354_4_L1PB_orf2",1.62081579542065e-05,0.000134038893557803,24.8992088528379,2.51070806374164,3,6.96029659716646,0.125535403187082,0.00122876881502914,0.124306634372053,0.14622730833128,0.14622730833128
"64","DF0000274_4_L1MB8_3end",1.75584498531452e-05,0.00014293675583576,24.7329519693347,3.09953978522563,3,5.04360714800776,0.154976989261281,0.011121906115841,0.143855083145441,0.13287938399912,0.143855083145441
"65","DF0000451_4_LTR21B",1.78891822332473e-05,0.000143388676054182,24.694174912816,18.5934178975968,3,2.06429423372251,0.929670894879842,0.199764130854044,0.729906764025798,0.541760320498753,0.729906764025798
"66","DF0000049_4_AluSx3",1.9103154200267e-05,0.000148548408034912,24.5577223613438,5.04081574096285,3,8.36430561864059,0.252040787048142,0.000743968280321806,0.251296818767821,0.201718285695985,0.251296818767821
"67","DF0000370_4_LOR1a",1.88606619764978e-05,0.000148548408034912,24.5842744035909,7.96763377391589,3,3.48208833308873,0.398381688695794,0.0415262375195626,0.356855451176232,0.246884486258812,0.356855451176232
"68","DF0000914_4_MER68-int",2.01525665779222e-05,0.000154404223339668,24.4465606371122,31.4008476774316,3,2.92682536577063,1.57004238387158,0.0828971883699873,1.48714519550159,0.322656072967334,1.48714519550159
"69","DF0000188_5_HERVK",2.10801733727305e-05,0.000156896718959894,24.3530049684322,28.6832978902175,3,6.20787970556085,1.43416489451088,0.0039900669072023,1.43017482760367,0.136993094356808,1.43017482760367
"70","DF0000217_4_HUERS-P3b",2.08823442756984e-05,0.000156896718959894,24.3726083547754,5.00304936652501,3,4.76353595618363,0.25015246832625,0.0126118115176217,0.237540656808629,0.143242541383001,0.237540656808629
"71","DF0000063_4_AluYh9",2.22330990611372e-05,0.000163147107195105,24.242285253881,3.78620749043902,3,7.04887751236013,0.18931037452195,0.0014809331785357,0.187829441343415,0.147996664177588,0.187829441343415
"72","DF0000469_4_LTR26",2.26569570684697e-05,0.000163948258787121,24.2030140106833,21.5227819191001,3,2.30795471318117,1.076139095955,0.170720845445687,0.905418250509317,0.464828424786012,0.905418250509317
"73","DF0000036_4_AluJr4",2.31959334386869e-05,0.000165549059199395,24.1541213429439,7.02345553390723,3,7.44339853063895,0.351172776695361,0.000769144898762019,0.350403631796599,0.158313971271182,0.350403631796599
"74","DF0000037_4_AluSc5",2.36942124126321e-05,0.000166820063067315,24.1099176027721,6.64830499127404,3,8.90494986442469,0.332415249563701,0.000378730235993128,0.332036519327709,0.244795852782857,0.332036519327709
"75","DF0000243_4_L1M3f_5end",2.44978824269892e-05,0.000170178623259485,24.0405379920642,10.7332696233282,3,2.95845210000039,0.53666348116641,0.102028159791383,0.434635321375027,0.317088212596059,0.434635321375027
"76","DF0000282_4_L1MCa_5end",2.5502676023755e-05,0.000172794235757062,23.9569196629451,14.8130623965012,3,3.23107513148976,0.740653119825062,0.128666778011999,0.611986341813062,0.27483654818564,0.611986341813062
"77","DF0001072_4_SVA_F",2.55377277414468e-05,0.000172794235757062,23.9540622997944,7.20995134646029,3,5.99440166090152,0.360497567323014,0.0041316340407736,0.356365933282241,0.133609081199469,0.356365933282241
"78","DF0000214_4_HUERS-P1",2.66213268149828e-05,0.000177816811161616,23.8676049686056,14.3903764219502,3,4.1578333999292,0.719518821097511,0.0365075460426243,0.683011275054887,0.18344630248163,0.683011275054887
"79","DF0001071_4_SVA_E",2.73043092266019e-05,0.000180070191228603,23.814895917062,18.9367060879062,3,6.02336473187885,0.946835304395309,0.00505738037977507,0.941777924015534,0.134090345094756,0.941777924015534
"80","DF0000105_4_Charlie6",2.93347954319936e-05,0.000191042855250858,23.6656210296759,15.0333541744867,3,3.83784922033678,0.751667708724334,0.048696518744888,0.702971189979446,0.214896719474315,0.702971189979446
"81","DF0000590_4_LTR8",2.97520302506622e-05,0.000191367997044383,23.6362258831357,2.7079601023535,3,5.29614986770267,0.135398005117675,0.00602558535872024,0.129372419758955,0.128104689584179,0.129372419758955
"82","DF0000250_4_L1M4_orf2",3.29707599368906e-05,0.000209484950330732,23.4223784426105,2.80948410317037,3,5.66030549644136,0.140474205158518,0.00499292750519846,0.13548127765332,0.12875880545623,0.13548127765332
"83","DF0001240_2_AluYe5",3.40450177019537e-05,0.000213704267743589,23.3556162678833,5.83512754569436,3,6.05904952973247,0.291756377284718,0.00970205117554767,0.28205432610917,0.134680186086769,0.28205432610917
"84","DF0000734_4_MER1A",3.5652957646101e-05,0.000221133225400222,23.2595111857888,1.77781363659122,3,5.73352710047953,0.0888906818295606,0.00408995842378917,0.0848007234057717,0.129615068561213,0.129615068561213
"85","DF0000882_4_MER61-int",3.68062608603608e-05,0.000225600728332329,23.1932034567368,14.7566563510036,3,4.26798437938643,0.73783281755018,0.0386078403303003,0.699224977219879,0.173179903803892,0.699224977219879
"86","DF0000865_4_MER57B1",3.74707257289142e-05,0.000227002884939119,23.1559347658872,29.6379275749483,3,3.11380774089355,1.48189637874741,0.123672382763589,1.35822399598382,0.291656332462203,1.35822399598382
"87","DF0000700_4_MER101-int",3.83165214892025e-05,0.000229458709147983,23.1094369661661,6.05956132284332,3,4.16017214393932,0.302978066142166,0.0204222311994214,0.282555834942745,0.183217866767343,0.282555834942745
"88","DF0000236_4_L1M2_orf2",3.95637360309967e-05,0.000234235300819878,23.0427045417218,5.81569819672717,3,5.99274162604989,0.290784909836359,0.00432020425615323,0.286464705580205,0.133581490757903,0.286464705580205
"89","DF0001066_5_SSU-rRNA_Hsa",4.04250259353008e-05,0.000236645376542604,22.9978337509207,63.0717440055935,3,11.3910936618209,3.15358720027967,2.73518351781607e-05,3.1535598484445,0.873150824394899,3.1535598484445
"90","DF0000189_4_HERVK11",4.15043003202429e-05,0.000237623521613698,22.942932706947,14.3647843362155,3,4.83127513781082,0.718239216810777,0.0131311816736146,0.705108035137163,0.140314320706608,0.705108035137163
"91","DF0000486_4_LTR30",4.14399103508694e-05,0.000237623521613698,22.9461680038238,5.0758377222108,3,3.93131712387645,0.25379188611054,0.0241370520629808,0.229654834047559,0.206161184227505,0.229654834047559
"92","DF0000064_4_AluYk11",4.36791223263463e-05,0.000243435112424033,22.836497509737,3.11982057988574,3,7.91576235426185,0.155991028994287,0.000626371938074619,0.155364657056212,0.176693123608256,0.176693123608256
"93","DF0000766_5_MER31-int",4.39211143337028e-05,0.000243435112424033,22.8249825447558,13.9651002473585,3,6.20875053428106,0.698255012367927,0.0039477387892722,0.694307273578655,0.137005467396136,0.694307273578655
"94","DF0001077_4_U3",4.35086710486253e-05,0.000243435112424033,22.8446464967574,54.191762373209,3,3.16641680503482,2.70958811866045,0.0707857123444155,2.63880240631603,0.283748159484637,2.63880240631603
"95","DF0000872_4_MER58A",4.53139895453114e-05,0.00024851145845376,22.7599087803118,8.13574083894783,3,4.17419818735385,0.406787041947392,0.0237771031832671,0.383009938764125,0.181855663526423,0.383009938764125
"96","DF0000326_4_L1P4_orf2",4.76492109156284e-05,0.000258596238406692,22.655155930341,5.41642960710937,3,6.28302407414991,0.270821480355469,0.00280862521004559,0.268012855145423,0.137986797164155,0.268012855145423
"97","DF0000333_4_L1PA14_3end",4.84456086849912e-05,0.00026020785695753,22.6205978417039,2.62676568491357,3,5.32683171033116,0.131338284245678,0.00653421314015422,0.124804071105524,0.127856416715618,0.127856416715618
"98","DF0001318_2_AluYh3",5.24814578461415e-05,0.00027900856671265,22.4537407061018,3.57334568368921,3,7.48210477980588,0.17866728418446,0.00159037458406337,0.177076909600397,0.159556511714326,0.177076909600397
"99","DF0000891_4_Tigger1",5.68608140398381e-05,0.00029923721328036,22.2865669742783,1.33489108283711,3,7.51502027449981,0.0667445541418554,0.000594796298232137,0.0661497578436233,0.160647806791399,0.160647806791399
"100","DF0000572_4_LTR70",7.29488688425179e-05,0.000380063606669518,21.7665501337165,26.8657448430621,3,3.35266067386694,1.34328724215311,0.166879207065097,1.17640803508801,0.260221461981536,1.17640803508801
"101","DF0000429_4_LTR18B",7.4832233861717e-05,0.000386015780613411,21.7133208396672,31.5251539516147,3,2.98960863384155,1.57625769758073,0.103122057484454,1.47313564009628,0.311737122050887,1.47313564009628
"102","DF0000860_4_MER54A",7.58548214088818e-05,0.000387454528961053,21.6849758701897,34.3099617394206,3,1.73206616347529,1.71549808697103,0.290721299256595,1.42477678771443,0.675630753782432,1.42477678771443
"103","DF0000790_4_MER47A",8.73799207365862e-05,0.000441989696153024,21.3894923787559,4.48685915661054,3,4.11111802945024,0.224342957830527,0.0264319946006706,0.197910963229856,0.188074471314993,0.197910963229856
"104","DF0000344_4_L1PA7_3end",9.04910257171051e-05,0.000453325234602036,21.3163809594537,1.805477775947,3,6.96541154808843,0.0902738887973498,0.0013722287611918,0.0889016600361581,0.146324344933134,0.146324344933134
"105","DF0001428_2_LSU-rRNA_Cel",9.54072323598712e-05,0.000473401600566599,21.2058039467044,35.3674444367166,3,10.7994776669813,1.76837222183583,3.00803424647689e-05,1.76834214149336,0.609539468214717,1.76834214149336
"106","DF0000400_4_LTR12_v",9.65616400256058e-05,0.000474609570314534,21.1806619359977,5.8122876655722,3,4.6552062893307,0.290614383278609,0.0175195558541626,0.273094827424447,0.148406505940295,0.273094827424447
"107","DF0000198_4_HERVL",0.000119210126935228,0.000580453047974333,20.7399906483579,2.84175186608122,3,6.16858670979758,0.142087593304061,0.0025162058640966,0.139571387439964,0.13641742328791,0.139571387439964
"108","DF0000699_4_MER103C",0.000137476620667914,0.0006631974015554,20.4416031429267,18.9056298468294,3,2.06504706245597,0.945281492341468,0.15945017114534,0.785831321196129,0.541498551366857,0.785831321196129
"109","DF0000974_4_MIR3",0.000141257893385754,0.000670485661350743,20.3847926084152,52.2807126680952,3,2.93591851828678,2.61403563340476,0.119401777660385,2.49463385574438,0.321040968447333,2.49463385574438
"110","DF0001001_4_MLT1A0",0.000141561272070214,0.000670485661350743,20.3803004048069,5.19464965264925,3,4.83083267216171,0.259732482632463,0.010482779725398,0.249249702907065,0.140332639400493,0.249249702907065
"111","DF0000222_4_Kanga1c",0.000169697141938089,0.000796461703681187,20.000559260853,13.6728782736679,3,2.97210415389389,0.683643913683397,0.0861028935183401,0.597541020165057,0.314727343755816,0.597541020165057
"112","DF0000341_4_L1PA4_3end",0.000171216335532232,0.000796461703681187,19.9818816916776,3.53178787851094,3,7.26158603365437,0.176589393925547,0.00111166618704806,0.175477727738499,0.153044750363849,0.175477727738499
"113","DF0000109_4_Cheshire",0.000188030210668539,0.000866935750073529,19.7855257322715,11.2440035610365,3,2.86866011248998,0.562200178051823,0.140038440558211,0.422161737493612,0.333267015795466,0.422161737493612
"114","DF0000809_4_MER51A",0.000195739442168745,0.000894563590964179,19.7012726225682,3.64451341647755,3,4.24470657994447,0.182225670823877,0.0194519612256617,0.162773709598216,0.175252204360786,0.175252204360786
"115","DF0000495_4_LTR35",0.000198232418878069,0.000898079045525862,19.6747326831586,10.4599729051737,3,3.41242187192842,0.522998645258686,0.0940501555950443,0.428948489663641,0.253836609600731,0.428948489663641
"116","DF0000542_4_LTR51",0.00020363969432224,0.000914623109843852,19.6182911696486,26.9062256253854,3,1.23846107766297,1.34531128126927,0.228572108538774,1.11673917273049,0.958345826277938,1.11673917273049
"117","DF0000296_4_L1ME3_3end",0.000215181588995109,0.000958201776636338,19.502646636112,9.31442555385207,3,2.72788338041079,0.465721277692603,0.144732316188556,0.320988961504047,0.36108199390949,0.36108199390949
"118","DF0000357_4_L1PREC2_orf2",0.000221770781984002,0.000979174384861566,19.4393636716198,2.41133812329622,3,7.00267077827758,0.120566906164811,0.00114710630147596,0.119419799863335,0.147050070048345,0.147050070048345
"119","DF0000161_4_HERV15",0.000233437962585478,0.00102202671014314,19.3317686956806,9.22464269177757,3,4.1599757832416,0.461232134588878,0.0224518247410602,0.438780309847818,0.183237032444098,0.438780309847818
"120","DF0000213_4_HSMAR2",0.000241563117400226,0.00104878653471265,19.2599542645509,1.3877395907903,3,5.79324422814104,0.0693869795395148,0.00369958145757068,0.0656873980819441,0.130426623656777,0.130426623656777
"121","DF0000403_4_LTR12D",0.000244525040034847,0.00105287227981946,19.2343715889396,5.51346834903408,3,5.08375097996211,0.275673417451704,0.00915775231332508,0.266515665138379,0.131803517980006,0.266515665138379
"122","DF0000172_4_HERV4_I",0.000250614283034085,0.00106154505252649,19.1827324226649,35.8420720203997,3,4.18868662726314,1.79210360101999,0.04343041013743,1.74867319088256,0.180463624727383,1.74867319088256
"123","DF0000432_4_LTR19B",0.000250039729640146,0.00106154505252649,19.1875512164461,7.51162176308762,3,3.33722403436113,0.375581088154381,0.0431293416836118,0.332451746470769,0.261946370736239,0.332451746470769
"124","DF0001335_3_hAT-5_Mam",0.00030082737659623,0.00126396018715029,18.7991403518662,15.2285934036266,3,2.30550855595482,0.761429670181329,0.233002074813638,0.528427595367691,0.46553061129098,0.528427595367691
"125","DF0000041_4_AluSg7",0.000309476370278413,0.00127966022948455,18.7395699910847,2.12617584412025,3,9.32794089267625,0.106308792206012,0.000139347201764824,0.106169445004247,0.291590806665696,0.291590806665696
"126","DF0000269_4_L1MB3_3end",0.000307760508810056,0.00127966022948455,18.751255260658,0.852168783421767,3,5.79313859428972,0.0426084391710882,0.0042305228528939,0.0383779163181945,0.130425112398943,0.130425112398943
"127","DF0000689_4_LTR3",0.000412020538609151,0.00169025748516038,18.1376066741176,6.49185219472686,3,2.81486002544574,0.324592609736343,0.133343173503244,0.191249436233099,0.343528418959435,0.343528418959435
"128","DF0001321_2_AluYh7",0.000416490699655868,0.00169524730094303,18.1148911893918,2.41152516077417,3,6.88963459967648,0.120576258038709,0.00162896592760976,0.118947292111099,0.144949950114377,0.144949950114377
"129","DF0000343_4_L1PA6_3end",0.000422685686523606,0.00170712591223875,18.0838084818259,3.11880397062137,3,6.5744567528862,0.155940198531068,0.00195477498598393,0.153985423545084,0.140629665801224,0.153985423545084
"130","DF0000811_4_MER51C",0.000441893032560104,0.00177097130741395,17.9902399529386,4.90309613052788,3,3.51692934499767,0.245154806526394,0.0446473668838386,0.200507439642555,0.243563919923338,0.243563919923338
"131","DF0000496_4_LTR35A",0.000447203575201815,0.00177857299755836,17.9650829279737,7.29498942878192,3,3.4511870592627,0.364749471439096,0.0811474560954611,0.283602015343635,0.249911388279576,0.283602015343635
"132","DF0000328_4_L1PA10_5end",0.000474410120766045,0.00187248237059931,17.8406881757909,3.8545939214501,3,5.55738628632329,0.192729696072505,0.00509990882090754,0.187629787251597,0.127885336014591,0.187629787251597
"133","DF0000321_4_L1P4a_5end",0.000480003690702997,0.00188031520944558,17.8159939072049,31.2304447189011,3,1.84206575363937,1.56152223594506,0.169654036938624,1.39186819900643,0.626955483473745,1.39186819900643
"134","DF0000933_4_MER77",0.000488879164785443,0.00190079137950161,17.7773920097927,10.4898136026508,3,2.46847068569243,0.524490680132539,0.12118717289204,0.403303507240499,0.421363602181527,0.421363602181527
"135","DF0000045_4_AluSq2",0.000499964872659193,0.00192499603046674,17.7301442814707,4.20309459716476,3,8.72066825069705,0.210154729858238,0.00133648914126219,0.208818240716976,0.228261689522993,0.228261689522993
"136","DF0000046_4_AluSq4",0.000502494165342564,0.00192499603046674,17.719510324256,3.95900912835976,3,6.41296028147,0.197950456417988,0.00900363573633411,0.188946820681654,0.13924443345194,0.188946820681654
"137","DF0000042_4_AluSp",0.000516386935507229,0.00196377805400924,17.6620332737592,1.99546985286108,3,9.45137135035069,0.0997734926430536,0.000119896734183693,0.0996535959088702,0.307954411599095,0.307954411599095
"138","DF0000262_4_L1MA5A_3end",0.000524314006700321,0.00197947534413672,17.6299224744729,2.94609839080687,3,4.57724274245738,0.147304919540344,0.0155902767985818,0.131714642741762,0.1524466091092,0.1524466091092
"139","DF0000003_4_AluSc",0.000597708530362967,0.00224033197351875,17.3536575309353,2.59682922347112,3,9.2097522600772,0.129841461173556,0.000294514013456046,0.1295469471601,0.277143263500382,0.277143263500382
"140","DF0000970_4_MER9a2",0.000604844261307304,0.00225088471529361,17.3286213735441,3.892205522377,3,4.5810394364753,0.19461027611885,0.0163512782733335,0.178258997845517,0.15224422102663,0.178258997845517
"141","DF0000531_4_LTR47A2",0.000624971402087542,0.00230929149281992,17.2595548351689,21.6713032297765,3,3.54740115136724,1.08356516148883,0.0482356221991349,1.03532953928969,0.240727347807438,1.03532953928969
"142","DF0000053_4_AluYa5",0.000634726202979134,0.00232881937853612,17.2268726361577,2.04867357901098,3,9.37850605518688,0.102433678950549,0.000115144686422621,0.102318534264126,0.298131097162756,0.298131097162756
"143","DF0000737_4_MER20",0.000640074008240489,0.0023320178901629,17.2091667307959,20.7966231543423,3,3.50276805886646,1.03983115771712,0.0607071381568211,0.979124019560296,0.244902788899136,0.979124019560296
"144","DF0000735_4_MER1B",0.000651262976454156,0.00235630563008761,17.1725922933795,1.15012968649484,3,5.36194122555511,0.057506484324742,0.00627279097518671,0.0512336933495553,0.127653219393257,0.127653219393257
"145","DF0000108_5_Charlie9",0.000660160573260197,0.00237202523219698,17.1439509120766,4.46594862082807,3,4.8273024470496,0.223297431041404,0.0105275079362712,0.212769923105132,0.140479185701985,0.212769923105132
"146","DF0000235_4_PABL_A-int",0.000667302386975528,0.00238126399735788,17.1212376031831,6.78719729224554,3,3.76895169510738,0.339359864612277,0.0596179292655312,0.279741935346746,0.221035699777313,0.279741935346746
"147","DF0000353_4_L1PBb_5end",0.000681344188873713,0.00241483212519187,17.0772760618071,34.1285243406236,3,1.62661133475824,1.70642621703118,0.210911622558617,1.49551459447256,0.726777081114688,1.49551459447256
"148","DF0000507_4_LTR39",0.000697532281267627,0.00245550215230023,17.0276987974013,69.2448154622789,3,4.52865173003954,3.46224077311394,0.0425676946914795,3.41967307842246,0.155083591340203,3.41967307842246
"149","DF0001028_4_MLT2A2",0.000704302872845356,0.00246269662249953,17.0073016125598,1.34291534270949,3,5.42919157967714,0.0671457671354743,0.00503014230485164,0.0621156248306227,0.127488009097239,0.127488009097239
"150","DF0000050_4_AluSx4",0.000717434093624894,0.00249188775185713,16.9682918194861,3.01096862422746,3,7.84144044854152,0.150548431211373,0.00104737334162748,0.149501057869745,0.173308570336166,0.173308570336166
"151","DF0000007_4_AluJb",0.000732842099589204,0.00252854790652964,16.9234129662938,1.31773599872031,3,7.38190836610869,0.0658867999360161,0.000899317693704968,0.0649874822423108,0.156428756994175,0.156428756994175
"152","DF0000079_4_BSRf",0.000758653696044481,0.0026003853660472,16.8502918823217,41.6527256811042,3,1.72180161191988,2.08263628405521,0.175272981711901,1.90736330234331,0.680411123732287,1.90736330234331
"153","DF0000275_4_L1MC1_3end",0.000795058497106479,0.00270735605877435,16.7512573027026,1.51138053820201,3,5.76605507765296,0.0755690269101005,0.00364047935485868,0.0719285475552421,0.130046085922748,0.130046085922748
"154","DF0000538_4_LTR49",0.000832148655504755,0.00281525616570115,16.6548877764382,7.51040480870106,3,2.94537248945576,0.375520240435053,0.0931095636697808,0.282410676765272,0.319374029132634,0.319374029132634
"155","DF0000836_4_Tigger2",0.000873707741176407,0.00293678537518005,16.5518511562076,1.4257306095792,3,5.29830079633723,0.0712865304789597,0.00818612310859596,0.0631004073703638,0.128085060217288,0.128085060217288
"156","DF0000260_4_L1MA4A_3end",0.000984554615627461,0.00326721627224145,16.2991794224129,2.98517552977196,3,4.64176332026867,0.149258776488598,0.0175583258581084,0.13170045063049,0.149085078040398,0.149085078040398
"157","DF0001278_3_HERV9NC",0.000978634012044689,0.00326721627224145,16.3119436663522,39.4146339850692,3,5.30071398519059,1.97073169925346,0.0139244113992226,1.95680728785424,0.12806344228904,1.95680728785424
"158","DF0000051_4_AluSz",0.00100327222673967,0.00330825841855296,16.2593218146174,6.61898655915641,3,9.30754444584223,0.33094932795782,0.000294327848708806,0.330655000109111,0.289014845887471,0.330655000109111
"159","DF0000011_4_7SK",0.00102480701976072,0.00333702785809583,16.2143688852857,21.500533527996,3,4.28958750979449,1.0750266763998,0.0188336222474696,1.05619305415233,0.171312807239142,1.05619305415233
"160","DF0000922_4_MER72",0.00102410256233114,0.00333702785809583,16.2158245066376,19.6271816279611,3,1.49887052861414,0.981359081398055,0.334165479359042,0.647193602039013,0.795080216722002,0.795080216722002
"161","DF0000332_4_L1PA13_5end",0.00103311943066854,0.00334320014520689,16.197267589492,2.425347096079,3,4.30026748461168,0.12126735480395,0.0205831971593663,0.100684157644584,0.170411066124124,0.170411066124124
"162","DF0000467_4_LTR25",0.00105565321604495,0.00337420445128478,16.1515867964149,9.73326655291623,3,2.57791431375586,0.486663327645811,0.120263340329811,0.366399987316,0.394406032333756,0.394406032333756
"163","DF0000624_4_LTR9C",0.00105094982327563,0.00337420445128478,16.1610410812541,28.1961514342624,3,1.6065764336008,1.40980757171312,0.189770615982756,1.22003695573037,0.737017037151268,1.22003695573037
"164","DF0000540_4_LTR5",0.00107108549575195,0.00340265575174858,16.1208575797676,16.503469345445,3,4.90645363040281,0.825173467272248,0.0114727080477024,0.813700759224545,0.137364586619145,0.813700759224545
"165","DF0000157_4_HAL1ME",0.00113037583378774,0.0035412374089535,16.0067514063466,5.57643049997921,3,4.72544057061373,0.27882152499896,0.0124690220866319,0.266352502912328,0.144994181233646,0.266352502912328
"166","DF0000334_4_L1PA15-16_5end",0.0011350991310849,0.0035412374089535,15.997918449489,10.3274677424851,3,2.49880057043142,0.516373387124253,0.190988918315439,0.325384468808814,0.413682829847188,0.413682829847188
"167","DF0000794_4_MER49",0.00112530715992564,0.0035412374089535,16.0162711061889,3.76259006902561,3,5.0217971771997,0.18812950345128,0.00842080879825575,0.179708694653025,0.133510425510286,0.179708694653025
"168","DF0000342_4_L1PA5_3end",0.00115376283935054,0.00357803832917636,15.9633691897422,1.55527048049282,3,7.12383817428138,0.0777635240246408,0.00123498368554401,0.0765285403390968,0.14964418470514,0.14964418470514
"169","DF0000012_4_5S",0.00118720564791065,0.00361715872842954,15.9028272345658,157.123354420047,3,4.28793088596496,7.85616772100235,0.017116505265093,7.83905121573726,0.1714539713544,7.83905121573726
"170","DF0000196_4_HERVK9",0.00118229491707125,0.00361715872842954,15.9116103239657,1.60990959930283,3,6.46406834035916,0.0804954799651414,0.00180863235292921,0.0786868476122122,0.139624179773915,0.139624179773915
"171","DF0000433_4_LTR19C",0.00117623521323849,0.00361715872842954,15.9224984706286,40.9768997718442,3,2.08351738312092,2.04884498859221,0.214787855634468,1.83405713295774,0.535127429732487,1.83405713295774
"172","DF0000397_4_LTR10F",0.00119420496818907,0.00361733016527038,15.8903707443382,7.40287448435515,3,3.34388534073196,0.370143724217758,0.0513212442169518,0.318822480000806,0.261197908371975,0.318822480000806
"173","DF0000347_4_L1PB1_3end",0.00122059779480102,0.00367590434156838,15.8440434022074,0.316247333957825,3,6.13583503966712,0.0158123666978913,0.0024936484067757,0.0133187182911156,0.135914937758713,0.135914937758713
"174","DF0000409_4_LTR14",0.00123919434413536,0.0036892585902544,15.8119943193754,4.38050800128029,3,3.43390036446686,0.219025400064015,0.0408690657256932,0.178156334338322,0.251642925712688,0.251642925712688
"175","DF0001293_2_hAT-1_Mam",0.00123604157455519,0.0036892585902544,15.8173940097377,24.3656097754352,3,1.79112230121959,1.21828048877176,0.162995781847181,1.05528470692458,0.648926613894448,1.05528470692458
"176","DF0000739_4_MER21A",0.00125238596072742,0.00370734707692606,15.7895482285123,6.34485491580356,3,3.49216882383617,0.317242745790178,0.0487399653210758,0.268502780469102,0.245914382130839,0.268502780469102
"177","DF0000331_4_L1PA13_3end",0.00127730779989474,0.00375975911720428,15.7477760414232,0.589459848159146,3,5.74251749025494,0.0294729924079576,0.00731021679500496,0.0221627756129523,0.129731374781533,0.129731374781533
"178","DF0000193_5_HERVK14C",0.00134501452630512,0.00392232539117086,15.6382503587884,41.0752305430625,3,2.32457380302959,2.05376152715312,0.0861619581309497,1.96759956902218,0.460091420707633,1.96759956902218
"179","DF0000748_4_MER33",0.001348812637692,0.00392232539117086,15.6322695695214,11.9397095561624,3,2.47619910525171,0.596985477808118,0.271729676270832,0.325255801537286,0.419391543238429,0.419391543238429
"180","DF0000772_5_LSU-rRNA_Hsa",0.00135512201614348,0.00392232539117086,15.6223712065476,62.8104626220091,3,11.7978574299217,3.14052313110045,1.54530718548787e-05,3.1405076780286,1.13703720336898,3.1405076780286
"181","DF0000058_4_AluYc3",0.00139599124982384,0.0040182952550178,15.5593412129866,1.91380850583391,3,5.96493698566082,0.0956904252916954,0.00530497239097208,0.0903854529007233,0.133120135490397,0.133120135490397
"182","DF0000915_4_MER6A",0.00144200456872591,0.00412793615552857,15.4905334711125,9.05935032265111,3,3.0654734723537,0.452967516132556,0.203559456562942,0.249408059569613,0.299241053747316,0.299241053747316
"183","DF0000052_4_AluSz6",0.00146225800195348,0.00416304054108067,15.4609347811673,1.6347632907035,3,8.41440535884818,0.0817381645351749,0.000330124880648442,0.0814080396545265,0.205058659092896,0.205058659092896
"184","DF0000054_4_AluYa8",0.00149361039883895,0.00422919031410377,15.415908923356,0.636771289067715,3,6.70699126835323,0.0318385644533857,0.00179619179689268,0.0300423726564931,0.142179140413831,0.142179140413831
"185","DF0000618_4_LTR9",0.00157620399447923,0.00441506602754666,15.301641469981,6.62633240240355,3,2.70401176856933,0.331316620120177,0.0816590050593708,0.249657615060807,0.366118736990353,0.366118736990353
"186","DF0000847_4_Tigger5",0.00157193427925106,0.00441506602754666,15.3074013499923,11.2232139595608,3,3.34729527319241,0.56116069797804,0.0804586593901028,0.480702038587937,0.260817204376846,0.480702038587937
"187","DF0001154_2_AluYm1",0.00162976983578825,0.00454069563874695,15.2306678920307,2.20924108100221,3,8.24353903700002,0.11046205405011,0.000930630998338485,0.109531423051772,0.194144759009213,0.194144759009213
"188","DF0000317_4_L1P2_5end",0.00165067909770396,0.00455571772372919,15.203589868436,2.4211069954786,3,7.18322233997836,0.12105534977393,0.000948375236382356,0.120106974537548,0.151049890527858,0.151049890527858
"189","DF0001031_4_MLT2B3",0.00165264999958698,0.00455571772372919,15.2010550764572,5.1564161810307,3,3.04883254765994,0.257820809051535,0.0703124923519602,0.187508316699575,0.301919023496378,0.301919023496378
"190","DF0000043_4_AluSq",0.00169199374518434,0.00463962495390022,15.1510727225612,1.45105936281227,3,8.99508656770503,0.0725529681406135,0.0012060373348095,0.0713469308058042,0.253675189779149,0.253675189779149
"191","DF0000819_4_THE1C",0.001719562317063,0.00469053385963257,15.1167320120387,0.896939378345118,3,5.95583849486035,0.0448469689172557,0.00429911567928426,0.0405478532379716,0.132969716684783,0.132969716684783
"192","DF0000831_4_Tigger17a",0.00175291096657272,0.00474404785643442,15.0759140809991,22.462187165149,3,2.11899426446328,1.12310935825745,0.334664924794896,0.788444433462553,0.523160163534713,0.788444433462553
"193","DF0000856_4_MER52A",0.00176649766631147,0.00474404785643442,15.0595047539749,24.6031383773004,3,2.96524184492654,1.23015691886502,0.0532543881714999,1.17690253069352,0.315910881028157,1.17690253069352
"194","DF0001081_4_U7",0.00176264087646491,0.00474404785643442,15.0641500270947,21.7207808813084,3,1.66181754953962,1.08603904406542,0.191572161338635,0.894466882726785,0.709193819099445,0.894466882726785
"195","DF0000855_4_MER52-int",0.00178009832133929,0.00475605756624498,15.043203502142,13.632245732453,3,2.06380122462922,0.68161228662265,0.246789436031677,0.434822850590973,0.541931836117648,0.541931836117648
"196","DF0000268_4_L1MB2_3end",0.0018703727162929,0.00494651870654111,14.9380379494521,0.978076499002399,3,5.57810285631593,0.0489038249501201,0.00520072355506789,0.0437031013950521,0.128025730902269,0.128025730902269
"197","DF0000359_4_L2a_3end",0.0018635146876413,0.00494651870654111,14.9458485999774,10.1010893690322,3,6.38126857337753,0.505054468451607,0.00229786446671597,0.502756603984892,0.139002205778728,0.502756603984892
"198","DF0000529_5_LTR46-int",0.00199635015381559,0.0052004921506896,14.7994030158387,2.57491580134576,3,4.09881966389991,0.128745790067288,0.0192144918621762,0.109531298205112,0.189309605995732,0.189309605995732
"199","DF0000816_5_MER51-int",0.00199004526618756,0.0052004921506896,14.8061324076206,4.10352209781518,3,4.35477258982094,0.205176104890759,0.0198248795820758,0.185351225308683,0.166049277347222,0.185351225308683
"200","DF0001050_4_PABL_B",0.0019827236737183,0.0052004921506896,14.8139735453589,6.9755752341963,3,2.22702934746543,0.348778761709815,0.141872979378174,0.206905782331641,0.488761434650472,0.488761434650472
"201","DF0000010_4_L1MC4_3end",0.00203675997489319,0.00527936291999677,14.7567665645638,6.54285510930531,3,3.62725037129197,0.327142755465265,0.0882566497106322,0.238886105754633,0.233513484554597,0.238886105754633
"202","DF0000762_4_MER41C",0.00207580797238774,0.0053539403644258,14.7163566472249,12.8813265159172,3,3.8767984694159,0.644066325795861,0.0262010149680383,0.617865310827823,0.211351939484972,0.617865310827823
"203","DF0000290_4_L1MDa_5end",0.00213338909585628,0.0054753483691681,14.658122152332,9.02882754785509,3,2.95315754682974,0.451441377392755,0.117686242867892,0.333755134524863,0.318010659918394,0.333755134524863
"204","DF0000928_4_MER75",0.00220802820464913,0.00563913085599116,14.5849136364177,11.6637779129846,3,4.12968633524916,0.583188895649232,0.0356966280818955,0.547492267567336,0.18622139042749,0.547492267567336
"205","DF0000212_4_HSMAR1",0.00224168677178208,0.00569422279599175,14.5526995590343,1.51847758610746,3,7.03445053135183,0.0759238793053729,0.000912140596525884,0.075011738708847,0.147695527159069,0.147695527159069
"206","DF0001040_4_MSR1",0.00225145853353993,0.00569422279599175,14.5434369637129,42.4301624574532,3,2.50444520483997,2.12150812287266,0.122198260533586,1.99930986233907,0.412270493935989,1.99930986233907
"207","DF0000945_4_MER87B",0.00234579475906294,0.00590415009406662,14.4560122727247,17.6757311733688,3,2.08763551971965,0.883786558668441,0.174893094437034,0.708893464231407,0.533720226925217,0.708893464231407
"208","DF0000345_4_L1PA8_3end",0.00241281839525824,0.00604364607658435,14.3959920597056,1.68486668505529,3,6.35985998872879,0.0842433342527643,0.00296529016438546,0.0812780440883789,0.138813289253139,0.138813289253139
"209","DF0000460_4_LTR22C2",0.00245402369232879,0.00611744662058995,14.3599074856131,27.0838188031358,3,2.23675831441835,1.35419094015679,0.195482154824956,1.15870878533184,0.485805238814402,1.15870878533184
"210","DF0000120_4_ERVL-E",0.00246638235053726,0.00611897716490436,14.3492017163771,16.9052498825094,3,1.62338196577336,0.845262494125469,0.202833054471082,0.642429439654386,0.728416067390716,0.728416067390716
"211","DF0000066_4_AluYk4",0.00252640744216178,0.00621590708840322,14.2979495991012,10.4238789016228,3,4.48630601772177,0.521193945081138,0.197359528793724,0.323834416287414,0.157447369901207,0.323834416287414
"212","DF0000815_4_MER50-int",0.00252931344096254,0.00621590708840322,14.2954990618253,9.44077388621983,3,3.52850369214841,0.472038694310992,0.0693485504793667,0.402690143831625,0.24247970719692,0.402690143831625
"213","DF0000392_4_LTR10B1",0.00258786039314555,0.00632993082079263,14.2467139171887,51.8046836462108,3,1.27121087648735,2.59023418231054,0.152822223968367,2.43741195834217,0.935901715945491,2.43741195834217
"214","DF0000765_4_MER41-int",0.00275442115219177,0.00670585710416781,14.1136855280945,2.2955780860542,3,4.4660091621615,0.11477890430271,0.0189130449945714,0.0958658593081385,0.15860004394144,0.15860004394144
"215","DF0000405_4_LTR12F",0.00283785293812762,0.00687684363146275,14.0500189795574,2.9453120069453,3,4.16495905601919,0.147265600347265,0.0221375116479938,0.125128088699271,0.182751437604076,0.182751437604076
"216","DF0000258_5_L1MA3_3end",0.00287702574810951,0.00690751343209704,14.0207636097381,1.6893480649872,3,5.27579142201377,0.0844674032493602,0.00871303001207291,0.0757543732372872,0.128307549224192,0.128307549224192
"217","DF0000878_4_MER5B",0.0028664304482071,0.00690751343209704,14.0286373514862,47.0659401786202,3,3.75866156216922,2.35329700893101,0.0380346369446822,2.31526237198633,0.221943258371832,2.31526237198633
"218","DF0000767_4_MER44A",0.00293164310291249,0.00700635805787803,13.9806259693134,4.52848107644822,3,4.20799660437551,0.226424053822411,0.0317900943856543,0.194633959436757,0.178634693292965,0.194633959436757
"219","DF0000508_5_LTR39-int",0.00295497587906859,0.00702987412326364,13.9637044049463,22.4495927694421,3,1.26460216685452,1.12247963847211,0.293518759849788,0.828960878622319,0.94038429859842,0.94038429859842
"220","DF0000754_4_MER34C_v",0.00300296259331443,0.00711156141416736,13.9293153874576,11.7383565592846,3,2.02133132607121,0.586917827964228,0.369250754689509,0.217667073274719,0.556977545098529,0.556977545098529
"221","DF0000760_4_MER41A",0.00315421148380569,0.00743594652969577,13.8243819893252,1.30035845799402,3,5.60528169818135,0.0650179228997012,0.00463848447545326,0.0603794384242478,0.128238196276154,0.128238196276154
"222","DF0000320_4_L1P3_orf2",0.00322523940764539,0.00756914293415877,13.7768130914846,1.96852752687992,3,8.20944489601557,0.0984263763439959,0.000316425228201354,0.0981099511157945,0.192124323507684,0.192124323507684
"223","DF0000390_4_LTR10A",0.00351053745596938,0.00818494288324102,13.5956585973406,8.38326075509688,3,2.88430541884988,0.419163037754844,0.136707581399214,0.28245545635563,0.3303645666263,0.3303645666263
"224","DF0001174_2_AluYe6",0.00351905413790017,0.00818494288324102,13.590477774231,4.80146190587121,3,4.69803108644225,0.240073095293561,0.0441494420151799,0.195923653278381,0.146298531084688,0.195923653278381
"225","DF0000971_4_MER9a3",0.00362766619462926,0.00840006261067486,13.5254750564218,6.16155180741073,3,5.23128101164261,0.308077590370536,0.00748170020066369,0.300595890169873,0.128862522752377,0.300595890169873
"226","DF0000216_4_HUERS-P3",0.00379814796794998,0.00863349577274209,13.4272329133505,4.87623962676333,3,4.00213922438718,0.243811981338166,0.0269583106060446,0.216853670732122,0.199106551865904,0.216853670732122
"227","DF0000257_4_L1MA2_3end",0.00379906201197401,0.00863349577274209,13.4267180421167,0.777511918004637,3,5.55153074093274,0.0388755959002322,0.00793788662322263,0.0309377092770092,0.127849173334704,0.127849173334704
"228","DF0000704_4_MER107",0.00378321774695395,0.00863349577274209,13.43566036137,15.6517899849709,3,3.47456067598277,0.782589499248544,0.0698107538888316,0.712778745359712,0.247614264401286,0.712778745359712
"229","DF0000747_4_MER31B",0.00380479553729937,0.00863349577274209,13.4234912037023,26.3082947349914,3,1.69516432210879,1.31541473674957,0.228599077019866,1.08681565972971,0.693012670321365,1.08681565972971
"230","DF0000818_4_THE1B",0.00381133210696868,0.00863349577274209,13.4198182788598,1.26443118942962,3,6.18359056689268,0.0632215594714812,0.00265204175501298,0.0605695177164682,0.136641076214128,0.136641076214128
"231","DF0000890_4_MER57-int",0.0038892334161734,0.00877182082175906,13.3765190500396,3.05064587041225,3,4.71131352579006,0.152532293520612,0.0127490174728808,0.139783276047731,0.145661959883566,0.145661959883566
"232","DF0000510_4_LTR3B",0.00393462653406095,0.00880563366073546,13.3516828376644,22.2358583432987,3,2.97022285272115,1.11179291716493,0.215159117535263,0.89663379962967,0.315051174766066,0.89663379962967
"233","DF0000795_4_MER4A1",0.00393802810547286,0.00880563366073546,13.3498331567482,0.947774281769854,3,5.17505593358892,0.0473887140884928,0.00707301388280266,0.0403157002056901,0.129788480293318,0.129788480293318
"234","DF0000675_4_tRNA-Gly-GGA",0.00399089415880501,0.00888570878947611,13.3212876195197,26.4704736140424,3,2.13620182275418,1.32352368070212,0.143954568308862,1.17956911239326,0.517479749814721,1.17956911239326
"235","DF0000783_4_MER44C",0.00412985417950485,0.00915597458520011,13.2480037365694,6.98035335181751,3,4.28191070970975,0.349017667590875,0.0675416144064167,0.281476053184459,0.171969822478159,0.281476053184459
"236","DF0000035_4_AluJr",0.00439918377543645,0.00971175740255251,13.1126673817731,7.8626521614415,3,4.43851363580207,0.393132608072075,0.0340577912242232,0.359074816847852,0.160240557036059,0.359074816847852
"237","DF0000319_4_L1P3b_5end",0.00484092476332543,0.0106418641421627,12.9075211687417,9.46194132493707,3,2.54731907411915,0.473097066246854,0.154099902133483,0.318997164113371,0.401719723360611,0.401719723360611
"238","DF0000270_4_L1MB4_3end",0.00490314724418996,0.0106884506871254,12.8801242583759,0.804416877389992,3,5.12347630444843,0.0402208438694996,0.00784312334419604,0.0323777205253035,0.130851376524503,0.130851376524503
"239","DF0000340_4_L1PA3_3end",0.00489076034570161,0.0106884506871254,12.8855507514909,2.93167670048626,3,7.19750614377317,0.146583835024313,0.00140366154347827,0.145180173480835,0.151401526538845,0.151401526538845
"240","DF0000179_5_HERV-Fc2",0.00499711896955795,0.0107582602609078,12.8393932126089,79.6354844203144,3,3.10837234905436,3.98177422101572,0.171581007348821,3.8101932136669,0.29249514911128,3.8101932136669
"241","DF0000227_4_L1M1_5end",0.00499340503496858,0.0107582602609078,12.8409885423348,2.60999747079442,3,5.92352132028271,0.130499873539721,0.0032797006790779,0.127220172860643,0.132439303202722,0.132439303202722
"242","DF0000261_4_L1MA5_3end",0.00496109485011492,0.0107582602609078,12.8549171976527,2.92035066257518,3,4.3719358584093,0.146017533128759,0.0294387362057283,0.116578796923031,0.164765534744708,0.164765534744708
"243","DF0000144_4_FLAM_C",0.0050296713986162,0.0107837810645228,12.8254602247222,163.056778909713,3,7.40219770593263,8.15283894548565,0.000799389508487228,8.15203955597716,0.157038909270866,8.15203955597716
"244","DF0000582_4_LTR77",0.00506517564817919,0.010815395543858,12.8103651548059,31.6678221810307,3,1.75328651791911,1.58339110905154,0.142976921234864,1.44041418781667,0.665879649504182,1.44041418781667
"245","DF0000171_5_HERV35I",0.0051031695500261,0.0108520462676065,12.7943270808841,8.00550841248435,3,2.73678996688624,0.400275420624218,0.157333297998885,0.242942122625333,0.359227498058356,0.359227498058356
"246","DF0000327_4_L1PA10_3end",0.00531572683423156,0.0112581043928237,12.7067250106838,0.762912714523607,3,5.97342728603854,0.0381456357261803,0.00390719361144903,0.0342384421147313,0.133260796431994,0.133260796431994
"247","DF0000881_4_MER6",0.00536399308893712,0.0113143336005516,12.687315965704,24.6635833532518,3,1.58752966629575,1.23317916766259,0.591611290083961,0.641567877578629,0.746911825309487,0.746911825309487
"248","DF0000118_4_ERVL",0.0055732162255317,0.0117082486028307,12.6051321432046,5.42242115583905,3,3.43477293619738,0.271121057791952,0.161986990495585,0.109134067296367,0.251554819306209,0.251554819306209
"249","DF0000182_5_HERVFH21",0.00562038425061151,0.0117599204601149,12.5870261425788,9.80496386588081,3,6.9601375259933,0.490248193294041,0.00121573569784691,0.489032457596194,0.146224300544396,0.489032457596194
"250","DF0000002_4_AluY",0.00575908396292058,0.0119608588529987,12.5346424148165,228.478714788109,3,6.7611140480168,11.4239357394055,0.268536191869045,11.1553995475364,0.142922051065957,11.1553995475364
"251","DF0000394_4_LTR10C",0.00576233315182853,0.0119608588529987,12.5334302802769,2.4639467288035,3,4.85658030714857,0.123197336440175,0.00963225028370408,0.113565086156471,0.139284971241825,0.139284971241825
"252","DF0000016_4_7SLRNA",0.00586434368408217,0.0121242978547889,12.4957142121033,15.4257804551587,3,6.59374889602889,0.771289022757934,0.00316469354167984,0.768124329216254,0.140831741685558,0.768124329216254
"253","DF0000164_4_HERV1_LTRa",0.00611930389303601,0.0126014123647105,12.404214000087,26.6836536217543,3,2.70726185581401,1.33418268108771,0.10521031174877,1.22897236933894,0.365427262789763,1.22897236933894
"254","DF0000793_4_MER48",0.00618341649256291,0.0126833070575798,12.3817984087746,6.08492603434074,3,3.0754112106136,0.304246301717037,0.075862917654888,0.228383384062149,0.297658271362084,0.297658271362084
"255","DF0000004_4_Tigger3a",0.00632334031132708,0.0128689855554743,12.3336645384005,2.20697578637345,3,5.24344311477866,0.110348789318672,0.0144746263341019,0.0958741629845705,0.128695257868722,0.128695257868722
"256","DF0000558_4_LTR5_Hs",0.00630025878031848,0.0128689855554743,12.3415316332981,4.72920313870414,3,6.19964224818752,0.236460156935207,0.00231015131837727,0.23415000561683,0.136875181872123,0.23415000561683
"257","DF0001134_4_MSTB2",0.00669685568682852,0.0135761160032594,12.2101561371691,7.97334716614501,3,3.0445367874204,0.39866735830725,0.0949054989433249,0.303761859363926,0.302615984719758,0.303761859363926
"258","DF0001303_2_HERV9N",0.00700736516960829,0.0141505319897904,12.1125576321037,5.29123449077395,3,4.28907336194687,0.264561724538698,0.0344421218115621,0.230119602727135,0.171356582126026,0.230119602727135
"259","DF0000413_4_LTR15",0.00704230664988686,0.0141661844192705,12.1018435704536,5.90715112600305,3,5.27851329226925,0.295357556300152,0.00546202424866657,0.289895532051486,0.128278620576171,0.289895532051486
"260","DF0000565_4_LTR66",0.00712369842842526,0.0142747956969598,12.0770888034657,5.09809784450093,3,3.33146925646002,0.254904892225047,0.0512906693730859,0.203614222851961,0.262598131794027,0.262598131794027
"261","DF0000399_4_LTR12",0.00718516753436094,0.0143428056911956,12.0585779001497,4.51879897244016,3,3.72945029748235,0.225939948622008,0.0677889483585417,0.158151000263466,0.224512358111868,0.224512358111868
"262","DF0000215_4_HUERS-P2",0.00760372256934854,0.0151203796130939,11.936544787383,25.1265135236147,3,1.05986570305978,1.25632567618073,0.211790280571444,1.04453539560929,1.09134266807536,1.09134266807536
"263","DF0000786_4_MER45B",0.00774013116064759,0.0153145661455375,11.8982040156929,17.7678298792607,3,1.68953959885496,0.888391493963035,0.199640521698916,0.68875097226412,0.695710165399246,0.695710165399246
"264","DF0001137_4_TAR1",0.00776016403535874,0.0153145661455375,11.8926295891128,4.38062350289596,3,3.61853260677095,0.219031175144798,0.0309337274648709,0.188097447679927,0.234289443302223,0.234289443302223
"265","DF0000804_4_MER4E",0.00781829872104471,0.0153710703157143,11.8765329064551,5.05893934805562,3,4.47136839932933,0.252946967402781,0.0231785579867138,0.229768409416067,0.158294516788172,0.229768409416067
"266","DF0000940_4_MER83B-int",0.00787208988852814,0.015418642225275,11.8617438270337,16.0104473047569,3,2.0172786394896,0.800522365237843,0.212504417553661,0.588017947684182,0.558441804162063,0.588017947684182
"267","DF0000752_5_MER34B-int",0.00795858373560647,0.0155296708848351,11.8381716170575,8.75631491552186,3,4.77271147595537,0.437815745776093,0.0122854648478759,0.425530280928217,0.142831651760343,0.425530280928217
"268","DF0000411_5_LTR14B",0.0080171434306162,0.0155855661468322,11.8223555065709,1.13136718782611,3,4.37273480366113,0.0565683593913054,0.0134996018192848,0.0430687575720206,0.164706889853472,0.164706889853472
"269","DF0000488_4_LTR32",0.00814865370239332,0.0157823367247097,11.7872483356699,15.6576410660536,3,2.02956301443917,0.782882053302681,0.187674780585883,0.595207272716799,0.554018907540933,0.595207272716799
"270","DF0000273_4_L1MB7_3end",0.00835751569052786,0.0161269099065371,11.7326255801752,0.967501526070499,3,5.77044586996489,0.0483750763035249,0.00415254884609765,0.0442225274574273,0.130106352483279,0.130106352483279
"271","DF0000629_4_MADE1",0.00843896639926749,0.0161643437280087,11.7116886272874,36.9178484005892,3,2.33318857618354,1.84589242002946,0.252351383713634,1.59354103631583,0.457658713809487,1.59354103631583
"272","DF0000858_4_MER52D",0.00843390430616984,0.0161643437280087,11.7129840150974,7.74462170377313,3,2.16890653814798,0.387231085188657,0.236169524086205,0.151061561102452,0.50689913770789,0.50689913770789
"273","DF0000229_4_L1M2_5end",0.00893691290995248,0.0169339983536466,11.5878732450903,6.22972557801339,3,3.66758500861257,0.311486278900669,0.0419423818842477,0.269543897016422,0.22994673584421,0.269543897016422
"274","DF0000355_4_L1PREC2_3end",0.00893829087764454,0.0169339983536466,11.5875401495944,1.56396792283765,3,6.28375969895973,0.0781983961418822,0.00257416986952429,0.0756242262723582,0.137995702783602,0.137995702783602
"275","DF0000976_4_MIRc",0.00888190439669521,0.0169339983536466,11.6012120005676,2.08946112156244,3,4.46118363881994,0.104473056078122,0.0135433917067764,0.0909296643713455,0.158877729582787,0.158877729582787
"276","DF0000437_4_LTR1B",0.0090028882303159,0.0169601656715092,11.57198167221,56.754516380235,3,1.50935771701394,2.83772581901175,0.785747952557904,2.05197786645384,0.789197475841056,2.05197786645384
"277","DF0000581_5_LTR76",0.0090172090038542,0.0169601656715092,11.5685473918712,7.91414100058009,3,3.08902342510744,0.395707050029004,0.0660411968012871,0.329665853227717,0.295510000613656,0.329665853227717
"278","DF0000264_4_L1MA7_3end",0.0091533988690579,0.0171543914056805,11.5361539772191,1.67079922893564,3,4.32904668738696,0.0835399614467817,0.0262742261237206,0.0572657353230612,0.168056015337672,0.168056015337672
"279","DF0000318_4_L1P3_5end",0.00948124112329334,0.0177051133520998,11.4600854522604,3.5045464052979,3,6.29941221650901,0.175227320264895,0.00229282874491781,0.172934491519977,0.138180953247378,0.172934491519977
"280","DF0000715_4_MER11B",0.00965143260104061,0.0179585585183649,11.4216136926468,0.889038803600131,3,4.96621704694687,0.0444519401800066,0.00815549682556741,0.0362964433544391,0.135261639565463,0.135261639565463
"281","DF0001169_2_AluYk2",0.00975131725670093,0.0180798444510362,11.3993452897569,10.1598198417995,3,6.13327040173929,0.507990992089974,0.0367476543816386,0.471243337708335,0.135874851460884,0.471243337708335
"282","DF0000838_4_Tigger2a",0.00980243021714916,0.0181101636281373,11.3880370014396,1.60577565197462,3,4.36713659618954,0.080288782598731,0.0221595546008162,0.0581292279979148,0.165119918745694,0.165119918745694
"283","DF0000023_4_Charlie3",0.00985705739079045,0.0181467381646708,11.376015355792,1.50579385944113,3,4.26406424103854,0.0752896929720567,0.0201153395214605,0.0551743534505962,0.173524638802825,0.173524638802825
"284","DF0000617_4_LTR8B",0.0100268872780356,0.0183943953234385,11.3390568353794,3.52632695746677,3,3.31468270152453,0.176316347873339,0.0420511865285047,0.134265161344834,0.26452749518485,0.26452749518485
"285","DF0000350_4_L1PB4_3end",0.0103542436750174,0.018928284051523,11.2695276533178,3.0187982364849,3,4.53565661632576,0.150939911824245,0.0182700942946821,0.132669817529563,0.154698271075782,0.154698271075782
"286","DF0000057_4_AluYc",0.010433250219452,0.0189998065899116,11.2530718942851,63.3444609064071,3,1.67342424824347,3.16722304532035,0.451684829247845,2.71553821607251,0.703510087957487,2.71553821607251
"287","DF0000145_4_FordPrefect",0.0105027721648647,0.0189998065899116,11.2386929612613,35.6983644391605,3,2.21658673160667,1.78491822195802,0.143527264854601,1.64139095710342,0.491959427605747,1.64139095710342
"288","DF0000272_4_L1MB5_3end",0.0104827618942447,0.0189998065899116,11.2428219577488,1.72936645478908,3,4.82228082272668,0.0864683227394539,0.0117627893864227,0.0747055333530313,0.140688833182358,0.140688833182358
"289","DF0000814_4_MER50B",0.0110127626901591,0.0198534579985221,11.1359975870735,24.8428807427504,3,2.18534637277533,1.24214403713752,0.129591896582782,1.11255214055474,0.501684279166589,1.11255214055474
"290","DF0000174_4_HERVE",0.0114470626343436,0.0205652401120449,11.0521755094726,3.68924738701675,3,5.470220921635,0.184462369350837,0.00543863559858961,0.179023733752248,0.12752027208318,0.179023733752248
"291","DF0000163_5_HERV1_I",0.0121515131944522,0.0216812958024301,10.9226609078479,16.4741047903633,3,1.75051399507712,0.823705239518167,0.264041232075927,0.55966400744224,0.667143663472007,0.667143663472007
"292","DF0000616_4_LTR8A",0.0121310948922518,0.0216812958024301,10.9263095464433,6.62603164052516,3,3.16454342332673,0.331301582026258,0.0678541137954022,0.263447468230856,0.284020328389855,0.284020328389855
"293","DF0000472_4_LTR26D",0.0123263311363906,0.0217695543120661,10.8916669485489,6.63953333471078,3,2.23086888979278,0.331976666735539,0.242386893952348,0.0895897727831911,0.487592108022242,0.487592108022242
"294","DF0000512_4_LTR4",0.0122440255391659,0.0217695543120661,10.9062048037276,6.14495082357689,3,3.20120724846638,0.307247541178844,0.0647541508990738,0.242493390279771,0.278840408468662,0.278840408468662
"295","DF0000892_4_MER4A",0.0123036609929724,0.0217695543120661,10.8956616681243,1.43174032499143,3,4.85479065712038,0.0715870162495714,0.0102530990419507,0.0613339172076209,0.139356575890191,0.139356575890191
"296","DF0000407_4_LTR13_v",0.0125265323564419,0.0220483897219805,10.8567003943477,2.36929009250548,3,4.61256372978629,0.118464504625273,0.0115560977092796,0.106908406915994,0.150585474588246,0.150585474588246
"297","DF0000190_5_HERVK11D",0.0126029953797162,0.0221082848243506,10.843490714417,42.682198721609,3,1.87425907693925,2.13410993608045,0.158239409610991,1.97587052646946,0.613563179149675,1.97587052646946
"298","DF0001015_4_MLT1H1",0.0127973965310868,0.0223739717875711,10.8102585113403,21.6337638223023,3,1.29311903255316,1.08168819111511,0.226064555392049,0.855623635723065,0.921208020263327,0.921208020263327
"299","DF0000975_4_MIRb",0.0131128107600319,0.0228487438326977,10.7573833566422,11.1296722195302,3,2.81796194985523,0.556483610976511,0.121455508544345,0.435028102432166,0.342924731776355,0.435028102432166
"300","DF0000511_4_LTR3B_v",0.0134721644874665,0.0233966589932335,10.6986481038089,8.46763451084747,3,2.88878088646007,0.423381725542374,0.10298178789967,0.320399937642703,0.329540912283763,0.329540912283763
"301","DF0001221_2_MLT1C2",0.0138635755921524,0.0239964215399049,10.6364036091571,6.58532230479842,3,3.00753123695088,0.329266115239921,0.0841591065511245,0.245107008688797,0.308717753036154,0.308717753036154
"302","DF0000192_4_HERVK14",0.0141783721217153,0.0244168912689459,10.5875858233466,2.25190922895588,3,3.95071805285741,0.112595461447794,0.0247206299550448,0.0878748314927493,0.204255039830587,0.204255039830587
"303","DF0000263_4_L1MA6_3end",0.0142002265921125,0.0244168912689459,10.5842364199882,3.03616779220447,3,4.25914333314645,0.151808389610223,0.0420523435929647,0.109756046017259,0.173959865270032,0.173959865270032
"304","DF0000763_4_MER41E",0.014699893129021,0.0251929089480919,10.5090112422154,11.6096130353662,3,1.92018245695267,0.580480651768309,0.224067469709228,0.356413182059081,0.595102082252403,0.595102082252403
"305","DF0000248_4_L1M4b_5end",0.0147941266872706,0.0252712787018623,10.4951068904417,2.17822908222986,3,4.00504198910622,0.108911454111493,0.0238646351197381,0.0850468189917548,0.198813052993013,0.198813052993013
"306","DF0000055_4_AluYb8",0.0156281284955362,0.0265421749456986,10.3757159416311,5.73378648309759,3,6.88205839688854,0.28668932415488,0.00322942603928708,0.283459898115593,0.144819923876018,0.283459898115593
"307","DF0000204_5_HERVP71A",0.0156400147952581,0.0265421749456986,10.3740600832153,9.15266061693191,3,3.13835612533476,0.457633030846595,0.0867820573818001,0.370850973464795,0.28791150787627,0.370850973464795
"308","DF0000903_4_MER66B",0.0160085133149846,0.0270793358347629,10.3233301611489,26.6058141500031,3,1.74436061723451,1.33029070750016,0.291109756357947,1.03918095114221,0.669959749811357,1.03918095114221
"309","DF0000468_4_LTR25-int",0.0161239111225046,0.0271862708570385,10.3076797840502,4.25201550852025,3,4.18436682569971,0.212600775426013,0.0236022336436035,0.188998541782409,0.180876977985619,0.188998541782409
"310","DF0000395_4_LTR10D",0.0166383341269285,0.027963135742354,10.2392275958437,19.3767636856657,3,3.53690739022929,0.968838184283286,0.0462956292838307,0.922542554999455,0.241697813023811,0.922542554999455
"311","DF0000849_4_Tigger6a",0.016722404644939,0.0280140605145119,10.2282389766343,7.89811139101232,3,2.84422762995824,0.394905569550616,0.233705313957693,0.161200255592923,0.337872525572925,0.337872525572925
"312","DF0000745_4_MER30B",0.0168157509352338,0.0280801481963359,10.2161014283724,39.1155709550047,3,3.89338927818588,1.95577854775024,0.0430136357858176,1.91276491196442,0.209802539752973,1.91276491196442
"313","DF0000294_4_L1ME2_3end",0.0169326053650179,0.0281849437545505,10.2010002479716,11.9683690593249,3,3.50945736521883,0.598418452966247,0.0581991912172388,0.540219261749009,0.244268600912116,0.540219261749009
"314","DF0000714_4_MER11A",0.0172111975717441,0.0285574329136264,10.1654070744746,1.01129096148161,3,5.09734808227094,0.0505645480740804,0.00741931280996902,0.0431452352641114,0.131464828931655,0.131464828931655
"315","DF0000255_4_L1MA10_3end",0.0177634520541143,0.0293801857783922,10.0964950336142,25.3523261076742,3,2.28038090022179,1.26761630538371,0.387279632652505,0.880336672731204,0.472818607667829,0.880336672731204
"316","DF0000897_4_MER65A",0.0178352244106015,0.0294055440440614,10.0876941414194,5.08715625833613,3,3.21747648880968,0.254357812916806,0.0524584246158283,0.201899388300978,0.276636564531434,0.276636564531434
"317","DF0000751_4_MER34B",0.0187284048238646,0.0307807536695062,9.9809918316701,20.6412241980196,3,1.41032100817654,1.03206120990098,0.255185162405096,0.776876047495885,0.846809617641472,0.846809617641472
"318","DF0001127_4_MLT1B",0.0189646096789221,0.0310709485620075,9.9536102074464,2.6792482594793,3,4.178630681754,0.133962412973965,0.0215382331865518,0.112424179787413,0.181428098568965,0.181428098568965
"319","DF0000972_4_MER9B",0.0194043689179675,0.0316917749412573,9.90351311077319,31.6628082576897,3,2.98339117264003,1.58314041288448,0.0892984571699332,1.49384195571455,0.312794519919067,1.49384195571455
"320","DF0000644_4_tRNA-Cys-TGY",0.0195040557993075,0.0317550408482476,9.89231202571053,28.156964680095,3,1.74412581324481,1.40784823400475,0.170413755550723,1.23743447845403,0.670067500827221,1.23743447845403
"321","DF0000048_4_AluSx1",0.0195696495554378,0.0317625776273617,9.88497237686441,163.57794921733,3,3.04531660356821,8.17889746086651,1.74859096000047,6.43030650086604,0.30248929070583,6.43030650086604
"322","DF0000034_4_AluJo",0.0198864459440696,0.0321765165741002,9.84986112178874,16.470852988885,3,3.79205603373799,0.823542649444251,0.0943809586931422,0.729161690751108,0.218990785349943,0.729161690751108
"323","DF0000339_4_L1PA2_3end",0.0202757828325085,0.0327049004821577,9.80745505773523,4.3584813573063,3,6.79412847338128,0.217924067865315,0.00236499352176463,0.215559074343551,0.143407236327797,0.215559074343551
"324","DF0000170_5_HERV30",0.0203726287940531,0.0327596901287089,9.79703096285267,20.9384665594442,3,1.64700354177826,1.04692332797221,0.233168685317371,0.813754642654838,0.716529231612391,0.813754642654838
"325","DF0000015_4_ALRb",0.0214162187592281,0.0343318460724857,9.68769267193554,76.0033392044822,3,2.05641415658307,3.80016696022411,0.142390745651825,3.65777621457228,0.544510269748464,3.65777621457228
"326","DF0001067_4_SVA_A",0.0220457058067605,0.0352325543721541,9.62424271539416,0.986925620823973,3,6.90653297057379,0.0493462810411986,0.0013727303231129,0.0479735507180857,0.145244773230261,0.145244773230261
"327","DF0000883_4_MER61A",0.0225205584831233,0.0358813791122545,9.57754529103359,31.5670043075493,3,2.08945596015436,1.57835021537746,0.147461645237943,1.43088857013952,0.533099696589577,1.43088857013952
"328","DF0000447_4_LTR1F1",0.0227693227584463,0.0361671254791174,9.5534659229284,13.7548883392337,3,1.6360485823248,0.687744416961684,0.532734172963013,0.155010243998671,0.722012741994151,0.722012741994151
"329","DF0000588_4_LTR7C",0.0229956124933619,0.0364155444043815,9.53178518799552,5.9675511996969,3,4.47543519381558,0.298377559984845,0.0134332807768592,0.284944279207986,0.158063226043333,0.284944279207986
"330","DF0000796_4_MER4A1_v",0.0235222468163094,0.0370926390408062,9.48212834762347,1.38076768248216,3,3.82202429572862,0.0690383841241078,0.0366490665024868,0.032389317621621,0.216318832413408,0.216318832413408
"331","DF0000844_4_Tigger4",0.0235655729798596,0.0370926390408062,9.47809177133001,1.70431799252892,3,4.72165173391447,0.0852158996264459,0.0104594587681622,0.0747564408582838,0.145172329305355,0.145172329305355
"332","DF0000183_4_HERVH",0.0238089881225003,0.0372506991346025,9.45554795200717,100.368268323629,3,8.08610556204826,5.01841341618145,0.00102777062029302,5.01738564556116,0.185225633545624,5.01738564556116
"333","DF0000336_4_L1PA16_3end",0.0237383614239775,0.0372506991346025,9.46206565119258,0.846949911615611,3,5.36837924188128,0.0423474955807807,0.0075933521908981,0.0347541433898825,0.127624962568602,0.127624962568602
"334","DF0001032_4_MLT2B4",0.0239005500439218,0.0372819957271954,9.44712644625371,8.25422140330087,3,2.28341438078378,0.412711070165044,0.259478701105787,0.153232369059257,0.471931456146524,0.471931456146524
"335","DF0000877_4_MER5A1",0.0253563170650341,0.0394347498235306,9.31732074125567,33.9609453668734,3,2.54488644515429,1.69804726834367,0.107143220612999,1.59090404773067,0.402309151836247,1.59090404773067
"336","DF0001068_4_SVA_B",0.0254680561825046,0.0394906466401335,9.3076614856075,2.42651189813028,3,6.80096957982477,0.121325594906514,0.00245881752638719,0.118866777380127,0.143510836956712,0.143510836956712
"337","DF0000292_4_L1MD_orf2",0.0256497361961849,0.0396543399353481,9.29204455727665,3.37647858028245,3,4.02042063999722,0.168823929014123,0.0245294465033414,0.144294482510781,0.197255156122928,0.197255156122928
"338","DF0000625_4_LTR9D",0.0260258881414504,0.0401168275789813,9.26005291408745,6.98215796542686,3,2.25534104603181,0.349107898271343,0.208598976124237,0.140508922147106,0.480220081457919,0.480220081457919
"339","DF0000073_4_BC200",0.0272696924858551,0.0419100583632169,9.15740376064097,125.213976885353,3,5.9354728385744,6.26069884426765,0.0020198627704551,6.2586789814972,0.132634629277267,6.2586789814972
"340","DF0000797_4_MER4B",0.0281934561716446,0.043075632449932,9.08409391119761,2.19121716082749,3,3.81051326648038,0.109560858041375,0.0314472192683395,0.078113638773035,0.217348163985824,0.217348163985824
"341","DF0000862_4_MER57A-int",0.028163600986796,0.043075632449932,9.08642618831601,2.30351055080799,3,3.50378141232747,0.1151755275404,0.0406708007924382,0.0745047267479614,0.244806510121792,0.244806510121792
"342","DF0001035_4_MLT2C2",0.0289664596390299,0.044127267461797,9.02453446736922,25.1904478280216,3,2.25494990266164,1.25952239140108,0.230974194554373,1.02854819684671,0.480336822817979,1.02854819684671
"343","DF0000289_4_L1MD3_3end",0.0297993669407899,0.0451321807446266,8.96207691809619,4.96807686828615,3,4.40020189693552,0.248403843414307,0.0195942258511489,0.228809617563158,0.162753108764646,0.228809617563158
"344","DF0000631_4_HY3",0.0297817572425698,0.0451321807446266,8.96337964518631,40.2020333495988,3,3.47972827807741,2.01010166747994,0.0202577847467967,1.98984388273314,0.247112782518678,1.98984388273314
"345","DF0000279_4_L1MC4a_3end",0.0301805629961569,0.0455770241188341,8.93406006492863,5.84301114175844,3,2.84779931887205,0.292150557087922,0.153732379562156,0.138418177525766,0.337193655822666,0.337193655822666
"346","DF0000142_4_FAM",0.0303027589836516,0.0456292989320303,8.92515227850281,78.3506363178539,3,4.53944728516985,3.91753181589269,0.150648010718914,3.76688380517378,0.15449046177846,3.76688380517378
"347","DF0000802_4_MER4D0",0.0304275201506952,0.0456851239150207,8.91609369783152,1.85195211709388,3,4.31897769266747,0.0925976058546945,0.0229193340068892,0.0696782718478049,0.168867189861116,0.168867189861116
"348","DF0000231_4_PABL_A",0.0306625522717513,0.0459057176252369,8.89912695172199,1.13289116642804,3,4.22461190327551,0.0566445583214022,0.0178081249781465,0.0388364333432555,0.177087482499275,0.177087482499275
"349","DF0001052_4_PRIMA41-int",0.0324819789843576,0.0484902895439836,8.77193385085907,4.93699474649469,3,2.95698158296612,0.246849737324734,0.0815135790119866,0.165336158312748,0.317344028588765,0.317344028588765
"350","DF0000295_4_L1ME2z_3end",0.0333563502932693,0.0496533100079809,8.71326800039184,21.7706476279407,3,2.04056798614233,1.08853238139704,0.312779337629238,0.775753043767799,0.550095667626616,0.775753043767799
"351","DF0000761_4_MER41B",0.0336730993742784,0.0499820079031312,8.69238617224252,2.09236665765846,3,4.817953226045,0.104618332882923,0.0103889804019383,0.0942293524809846,0.140870621809689,0.140870621809689
